{
  "files": {
    "/home/gold/git/2022fall_41class_team6/backend/CodingTest/temp/rawcode.py": {
      "comment_ratio": 23.68421052631579,
      "cyclomatic_complexity": 1,
      "fanout_external": 0,
      "fanout_internal": 0,
      "halstead_bugprop": 0.017297158093186486,
      "halstead_difficulty": 2.916666666666667,
      "halstead_effort": 151.35013331538178,
      "halstead_timerequired": 8.408340739743432,
      "halstead_volume": 51.89147427955946,
      "lang": [
        "Python"
      ],
      "loc": 7,
      "operands_sum": 7,
      "operands_uniq": 6,
      "operators_sum": 8,
      "operators_uniq": 5
    }
  },
  "overall": {
    "comment_ratio": 23.68421052631579,
    "cyclomatic_complexity": 1,
    "fanout_external": 0,
    "fanout_internal": 0,
    "halstead_bugprop": 0.017297158093186486,
    "halstead_difficulty": 2.916666666666667,
    "halstead_effort": 151.35013331538178,
    "halstead_timerequired": 8.408340739743432,
    "halstead_volume": 51.89147427955946,
    "loc": 7,
    "maintainability_index": 100,
    "operands_sum": 7,
    "operands_uniq": 6,
    "operators_sum": 8,
    "operators_uniq": 5,
    "pylint": 100.0,
    "tiobe": 100.0,
    "tiobe_compiler": 100.0,
    "tiobe_complexity": 100.0,
    "tiobe_coverage": 100.0,
    "tiobe_duplication": 100.0,
    "tiobe_fanout": 100.0,
    "tiobe_functional": 100.0,
    "tiobe_security": 100.0,
    "tiobe_standard": 100.0
  },
  "stats": {
    "max": {
      "comment_ratio": 23.68421052631579,
      "cyclomatic_complexity": 1,
      "fanout_external": 0,
      "fanout_internal": 0,
      "halstead_bugprop": 0.017297158093186486,
      "halstead_difficulty": 2.916666666666667,
      "halstead_effort": 151.35013331538178,
      "halstead_timerequired": 8.408340739743432,
      "halstead_volume": 51.89147427955946,
      "loc": 7,
      "operands_sum": 7,
      "operands_uniq": 6,
      "operators_sum": 8,
      "operators_uniq": 5
    },
    "mean": {
      "comment_ratio": 23.68421052631579,
      "cyclomatic_complexity": 1,
      "fanout_external": 0,
      "fanout_internal": 0,
      "halstead_bugprop": 0.017297158093186486,
      "halstead_difficulty": 2.916666666666667,
      "halstead_effort": 151.35013331538178,
      "halstead_timerequired": 8.408340739743432,
      "halstead_volume": 51.89147427955946,
      "loc": 7,
      "operands_sum": 7,
      "operands_uniq": 6,
      "operators_sum": 8,
      "operators_uniq": 5
    },
    "median": {
      "comment_ratio": 23.68421052631579,
      "cyclomatic_complexity": 1,
      "fanout_external": 0,
      "fanout_internal": 0,
      "halstead_bugprop": 0.017297158093186486,
      "halstead_difficulty": 2.916666666666667,
      "halstead_effort": 151.35013331538178,
      "halstead_timerequired": 8.408340739743432,
      "halstead_volume": 51.89147427955946,
      "loc": 7,
      "operands_sum": 7,
      "operands_uniq": 6,
      "operators_sum": 8,
      "operators_uniq": 5
    },
    "min": {
      "comment_ratio": 23.68421052631579,
      "cyclomatic_complexity": 1,
      "fanout_external": 0,
      "fanout_internal": 0,
      "halstead_bugprop": 0.017297158093186486,
      "halstead_difficulty": 2.916666666666667,
      "halstead_effort": 151.35013331538178,
      "halstead_timerequired": 8.408340739743432,
      "halstead_volume": 51.89147427955946,
      "loc": 7,
      "operands_sum": 7,
      "operands_uniq": 6,
      "operators_sum": 8,
      "operators_uniq": 5
    }
  }
}
